Id,OwnerId,Name,Charge_Description__c,Loan_Number__c,Loan_Id_Ext__c
a0KFf000002p002MAA,005Ff000001F2fFIAS,a0KFf000002p002,Upfront Fees,a00Ff000003QSW0IAO,HOU/DEL/0223/00271
a0KFf000002p003MAA,005Ff000001F2fFIAS,a0KFf000002p003,Upfront Fees,a00Ff000003QPLpIAO,HOU/DEL/0223/00662
a0KFf000002p004MAA,005Ff000001F2fFIAS,a0KFf000002p004,Balance Upfront Fees,a00Ff000003QSW0IAO,HOU/DEL/0223/00271
a0KFf000002p005MAA,005Ff000001F2fFIAS,a0KFf000002p005,Balance Upfront Fees,a00Ff000003QPLpIAO,HOU/DEL/0223/00662
a0KFf000002p0T4MAI,005Ff000001F2fFIAS,a0KFf000002p0T4,Balance Upfront Fees,a00Ff000003QSW1IAO,HOU/DEL/0223/00272
a0KFf000002p0T5MAI,005Ff000001F2fFIAS,a0KFf000002p0T5,Balance Upfront Fees,a00Ff000003QPLEIA4,HOU/DEL/0223/00625
a0KFf000002p0T6MAI,005Ff000001F2fFIAS,a0KFf000002p0T6,Balance Upfront Fees,a00Ff000003QSW2IAO,HOU/DEL/0223/00273
a0KFf000002p0T7MAI,005Ff000001F2fFIAS,a0KFf000002p0T7,Balance Upfront Fees,a00Ff000003QSVxIAO,HOU/DEL/0223/00268
a0KFf000002p0T8MAI,005Ff000001F2fFIAS,a0KFf000002p0T8,Balance Upfront Fees,a00Ff000003QPLIIA4,HOU/DEL/0223/00629
a0KFf000002p0T9MAI,005Ff000001F2fFIAS,a0KFf000002p0T9,Balance Upfront Fees,a00Ff000003QSVWIA4,HOU/DEL/0223/00241
a0KFf000002p0TAMAY,005Ff000001F2fFIAS,a0KFf000002p0TA,Balance Upfront Fees,a00Ff000003QSVYIA4,HOU/DEL/0223/00243
a0KFf000002p0TBMAY,005Ff000001F2fFIAS,a0KFf000002p0TB,Balance Upfront Fees,a00Ff000003QSVXIA4,HOU/DEL/0223/00242
a0KFf000002p0TCMAY,005Ff000001F2fFIAS,a0KFf000002p0TC,Balance Upfront Fees,a00Ff000003QSVPIA4,HOU/DEL/0223/00234
a0KFf000002p0TDMAY,005Ff000001F2fFIAS,a0KFf000002p0TD,Balance Upfront Fees,a00Ff000003QPLCIA4,HOU/DEL/0223/00623
a0KFf000002p0TEMAY,005Ff000001F2fFIAS,a0KFf000002p0TE,Balance Upfront Fees,a00Ff000003QSP5IAO,HOU/DEL/0223/00069
a0KFf000002p0TFMAY,005Ff000001F2fFIAS,a0KFf000002p0TF,Balance Upfront Fees,a00Ff000003QSVZIA4,HOU/DEL/0223/00244
a0KFf000002p0TGMAY,005Ff000001F2fFIAS,a0KFf000002p0TG,Balance Upfront Fees,a00Ff000003QSVeIAO,HOU/DEL/0223/00249
a0KFf000002p0THMAY,005Ff000001F2fFIAS,a0KFf000002p0TH,Balance Upfront Fees,a00Ff000003QPL9IAO,HOU/DEL/0223/00620
a0KFf000002p0TIMAY,005Ff000001F2fFIAS,a0KFf000002p0TI,Balance Upfront Fees,a00Ff000003QSVbIAO,HOU/DEL/0223/00246
a0KFf000002p0TJMAY,005Ff000001F2fFIAS,a0KFf000002p0TJ,Balance Upfront Fees,a00Ff000003QPLBIA4,HOU/DEL/0223/00622
a0KFf000002p0TKMAY,005Ff000001F2fFIAS,a0KFf000002p0TK,Balance Upfront Fees,a00Ff000003QSOyIAO,HOU/DEL/0223/00062
a0KFf000002p0TLMAY,005Ff000001F2fFIAS,a0KFf000002p0TL,Balance Upfront Fees,a00Ff000003QSOzIAO,HOU/DEL/0223/00063
a0KFf000002p0TMMAY,005Ff000001F2fFIAS,a0KFf000002p0TM,Balance Upfront Fees,a00Ff000003QSVFIA4,HOU/DEL/0223/00224
a0KFf000002p0TNMAY,005Ff000001F2fFIAS,a0KFf000002p0TN,Balance Upfront Fees,a00Ff000003QSP0IAO,HOU/DEL/0223/00064
a0KFf000002p0TOMAY,005Ff000001F2fFIAS,a0KFf000002p0TO,Balance Upfront Fees,a00Ff000003QSVKIA4,HOU/DEL/0223/00229
a0KFf000002p0TPMAY,005Ff000001F2fFIAS,a0KFf000002p0TP,Balance Upfront Fees,a00Ff000003QPL6IAO,HOU/DEL/0223/00617
a0KFf000002p0TQMAY,005Ff000001F2fFIAS,a0KFf000002p0TQ,Balance Upfront Fees,a00Ff000003QSVdIAO,HOU/DEL/0223/00248
a0KFf000002p0TRMAY,005Ff000001F2fFIAS,a0KFf000002p0TR,Balance Upfront Fees,a00Ff000003QSVpIAO,HOU/DEL/0223/00260
a0KFf000002p0TSMAY,005Ff000001F2fFIAS,a0KFf000002p0TS,Balance Upfront Fees,a00Ff000003QPLFIA4,HOU/DEL/0223/00626
a0KFf000002p0TTMAY,005Ff000001F2fFIAS,a0KFf000002p0TT,Balance Upfront Fees,a00Ff000003QOuZIAW,HOU/DEL/0223/00218
a0KFf000002p0TUMAY,005Ff000001F2fFIAS,a0KFf000002p0TU,Balance Upfront Fees,a00Ff000003QPKwIAO,HOU/DEL/0223/00607
a0KFf000002p0TVMAY,005Ff000001F2fFIAS,a0KFf000002p0TV,Balance Upfront Fees,a00Ff000003QSVMIA4,HOU/DEL/0223/00231
a0KFf000002p0TWMAY,005Ff000001F2fFIAS,a0KFf000002p0TW,Balance Upfront Fees,a00Ff000003QPL3IAO,HOU/DEL/0223/00614
a0KFf000002p0TXMAY,005Ff000001F2fFIAS,a0KFf000002p0TX,Balance Upfront Fees,a00Ff000003QSVTIA4,HOU/DEL/0223/00238
a0KFf000002p0TYMAY,005Ff000001F2fFIAS,a0KFf000002p0TY,Balance Upfront Fees,a00Ff000003QSOxIAO,HOU/DEL/0223/00061
a0KFf000002p0TZMAY,005Ff000001F2fFIAS,a0KFf000002p0TZ,Balance Upfront Fees,a00Ff000003QOuGIAW,HOU/DEL/0223/00199
a0KFf000002p0TaMAI,005Ff000001F2fFIAS,a0KFf000002p0Ta,Balance Upfront Fees,a00Ff000003QOuLIAW,HOU/DEL/0223/00204
a0KFf000002p0TbMAI,005Ff000001F2fFIAS,a0KFf000002p0Tb,Balance Upfront Fees,a00Ff000003QOuVIAW,HOU/DEL/0223/00214
a0KFf000002p0TcMAI,005Ff000001F2fFIAS,a0KFf000002p0Tc,Balance Upfront Fees,a00Ff000003QOuCIAW,HOU/DEL/0223/00195
a0KFf000002p0TdMAI,005Ff000001F2fFIAS,a0KFf000002p0Td,Balance Upfront Fees,a00Ff000003QOuFIAW,HOU/DEL/0223/00198
a0KFf000002p0TeMAI,005Ff000001F2fFIAS,a0KFf000002p0Te,Balance Upfront Fees,a00Ff000003QOuHIAW,HOU/DEL/0223/00200
a0KFf000002p0TfMAI,005Ff000001F2fFIAS,a0KFf000002p0Tf,Balance Upfront Fees,a00Ff000003QSOvIAO,HOU/DEL/0223/00059
a0KFf000002p0TgMAI,005Ff000001F2fFIAS,a0KFf000002p0Tg,Balance Upfront Fees,a00Ff000003QOuKIAW,HOU/DEL/0223/00203
a0KFf000002p0ThMAI,005Ff000001F2fFIAS,a0KFf000002p0Th,Balance Upfront Fees,a00Ff000003QOuDIAW,HOU/DEL/0223/00196
a0KFf000002p0TiMAI,005Ff000001F2fFIAS,a0KFf000002p0Ti,Balance Upfront Fees,a00Ff000003QOuAIAW,HOU/DEL/0223/00193
a0KFf000002p0TjMAI,005Ff000001F2fFIAS,a0KFf000002p0Tj,Balance Upfront Fees,a00Ff000003QOuPIAW,HOU/DEL/0223/00208
a0KFf000002p0TkMAI,005Ff000001F2fFIAS,a0KFf000002p0Tk,Balance Upfront Fees,a00Ff0000035JJdIAM,HOU/DEL/0223/00003
a0KFf000002p0TlMAI,005Ff000001F2fFIAS,a0KFf000002p0Tl,Balance Upfront Fees,a00Ff0000036vUvIAI,HOU/DEL/0223/00009
a0KFf000002p0TmMAI,005Ff000001F2fFIAS,a0KFf000002p0Tm,Balance Upfront Fees,a00Ff000003QSOtIAO,HOU/DEL/0223/00057
a0KFf000002p0TnMAI,005Ff000001F2fFIAS,a0KFf000002p0Tn,Balance Upfront Fees,a00Ff000003QOu4IAG,HOU/DEL/0223/00187
a0KFf000002p0ToMAI,005Ff000001F2fFIAS,a0KFf000002p0To,Balance Upfront Fees,a00Ff000003QSOwIAO,HOU/DEL/0223/00060
a0KFf000002p0TpMAI,005Ff000001F2fFIAS,a0KFf000002p0Tp,Balance Upfront Fees,a00Ff000003QOu9IAG,HOU/DEL/0223/00192
a0KFf000002p0TqMAI,005Ff000001F2fFIAS,a0KFf000002p0Tq,Balance Upfront Fees,a00Ff000003QPKtIAO,HOU/DEL/0223/00604
a0KFf000002p0TrMAI,005Ff000001F2fFIAS,a0KFf000002p0Tr,Balance Upfront Fees,a00Ff000003QOuBIAW,HOU/DEL/0223/00194
a0KFf000002p0TsMAI,005Ff000001F2fFIAS,a0KFf000002p0Ts,Balance Upfront Fees,a00Ff000003QOuSIAW,HOU/DEL/0223/00211
a0KFf000002p0TtMAI,005Ff000001F2fFIAS,a0KFf000002p0Tt,Balance Upfront Fees,a00Ff000003QOuTIAW,HOU/DEL/0223/00212
a0KFf000002p0TuMAI,005Ff000001F2fFIAS,a0KFf000002p0Tu,Balance Upfront Fees,a00Ff000003QOuUIAW,HOU/DEL/0223/00213
a0KFf000002p0TvMAI,005Ff000001F2fFIAS,a0KFf000002p0Tv,Balance Upfront Fees,a00Ff000003QOuXIAW,HOU/DEL/0223/00216
a0KFf000002p0TwMAI,005Ff000001F2fFIAS,a0KFf000002p0Tw,Balance Upfront Fees,a00Ff000003QOuQIAW,HOU/DEL/0223/00209
a0KFf000002p0TxMAI,005Ff000001F2fFIAS,a0KFf000002p0Tx,Balance Upfront Fees,a00Ff000003QOuOIAW,HOU/DEL/0223/00207
a0KFf000002p0TyMAI,005Ff000001F2fFIAS,a0KFf000002p0Ty,Balance Upfront Fees,a00Ff000003QOuNIAW,HOU/DEL/0223/00206
a0KFf000002p0TzMAI,005Ff000001F2fFIAS,a0KFf000002p0Tz,Balance Upfront Fees,a00Ff000003QOuJIAW,HOU/DEL/0223/00202
a0KFf000002p0U0MAI,005Ff000001F2fFIAS,a0KFf000002p0U0,Balance Upfront Fees,a00Ff000003QPLbIAO,HOU/DEL/0223/00648
a0KFf000002p0U1MAI,005Ff000001F2fFIAS,a0KFf000002p0U1,Balance Upfront Fees,a00Ff000003QPLaIAO,HOU/DEL/0223/00647
a0KFf000002p0U2MAI,005Ff000001F2fFIAS,a0KFf000002p0U2,Balance Upfront Fees,a00Ff000003QPLcIAO,HOU/DEL/0223/00649
a0KFf000002p0U3MAI,005Ff000001F2fFIAS,a0KFf000002p0U3,Balance Upfront Fees,a00Ff000003QPLTIA4,HOU/DEL/0223/00640
a0KFf000002p0U4MAI,005Ff000001F2fFIAS,a0KFf000002p0U4,Balance Upfront Fees,a00Ff000003QPLPIA4,HOU/DEL/0223/00636
a0KFf000002p0U5MAI,005Ff000001F2fFIAS,a0KFf000002p0U5,Balance Upfront Fees,a00Ff000003QPLQIA4,HOU/DEL/0223/00637
a0KFf000002p0U6MAI,005Ff000001F2fFIAS,a0KFf000002p0U6,Balance Upfront Fees,a00Ff000003QPLRIA4,HOU/DEL/0223/00638
a0KFf000002p0U7MAI,005Ff000001F2fFIAS,a0KFf000002p0U7,Balance Upfront Fees,a00Ff000003QPLZIA4,HOU/DEL/0223/00646
a0KFf000002p0U8MAI,005Ff000001F2fFIAS,a0KFf000002p0U8,Balance Upfront Fees,a00Ff000003QPLOIA4,HOU/DEL/0223/00635
a0KFf000002p0U9MAI,005Ff000001F2fFIAS,a0KFf000002p0U9,Balance Upfront Fees,a00Ff000003QPLVIA4,HOU/DEL/0223/00642
a0KFf000002p0UAMAY,005Ff000001F2fFIAS,a0KFf000002p0UA,Balance Upfront Fees,a00Ff000003QPLNIA4,HOU/DEL/0223/00634
a0KFf000002p0UBMAY,005Ff000001F2fFIAS,a0KFf000002p0UB,Balance Upfront Fees,a00Ff000003QPLXIA4,HOU/DEL/0223/00644
a0KFf000002p0UCMAY,005Ff000001F2fFIAS,a0KFf000002p0UC,Balance Upfront Fees,a00Ff000003QPLMIA4,HOU/DEL/0223/00633
a0KFf000002p0UDMAY,005Ff000001F2fFIAS,a0KFf000002p0UD,Balance Upfront Fees,a00Ff000003QPLdIAO,HOU/DEL/0223/00650
a0KFf000002p0UEMAY,005Ff000001F2fFIAS,a0KFf000002p0UE,Balance Upfront Fees,a00Ff000003QPLeIAO,HOU/DEL/0223/00651
a0KFf000002p0UFMAY,005Ff000001F2fFIAS,a0KFf000002p0UF,Balance Upfront Fees,a00Ff000003QPLWIA4,HOU/DEL/0223/00643
a0KFf000002p0UGMAY,005Ff000001F2fFIAS,a0KFf000002p0UG,Balance Upfront Fees,a00Ff000003QPLjIAO,HOU/DEL/0223/00656
a0KFf000002p0UHMAY,005Ff000001F2fFIAS,a0KFf000002p0UH,Balance Upfront Fees,a00Ff000003QPLhIAO,HOU/DEL/0223/00654
a0KFf000002p0UIMAY,005Ff000001F2fFIAS,a0KFf000002p0UI,Balance Upfront Fees,a00Ff000003QPLmIAO,HOU/DEL/0223/00659
a0KFf000002p0UJMAY,005Ff000001F2fFIAS,a0KFf000002p0UJ,Balance Upfront Fees,a00Ff000003QPLlIAO,HOU/DEL/0223/00658
a0KFf000002p1nKMAQ,005Ff000001F2fFIAS,a0KFf000002p1nK,Upfront Fees,a00Ff000003QOu1IAG,HOU/DEL/0223/00184
a0KFf000002p1nLMAQ,005Ff000001F2fFIAS,a0KFf000002p1nL,Upfront Fees,a00Ff000003QOu3IAG,HOU/DEL/0223/00186
a0KFf000002p1nMMAQ,005Ff000001F2fFIAS,a0KFf000002p1nM,Upfront Fees,a00Ff000003QOu5IAG,HOU/DEL/0223/00188
a0KFf000002p1nNMAQ,005Ff000001F2fFIAS,a0KFf000002p1nN,Upfront Fees,a00Ff000003QOu6IAG,HOU/DEL/0223/00189
a0KFf000002p1nOMAQ,005Ff000001F2fFIAS,a0KFf000002p1nO,Upfront Fees,a00Ff000003QOu8IAG,HOU/DEL/0223/00191
a0KFf000002p1nPMAQ,005Ff000001F2fFIAS,a0KFf000002p1nP,Upfront Fees,a00Ff000003QOu7IAG,HOU/DEL/0223/00190
a0KFf000002p1nQMAQ,005Ff000001F2fFIAS,a0KFf000002p1nQ,Upfront Fees,a00Ff000003QOuIIAW,HOU/DEL/0223/00201
a0KFf000002p1nRMAQ,005Ff000001F2fFIAS,a0KFf000002p1nR,Upfront Fees,a00Ff000003QOuEIAW,HOU/DEL/0223/00197
a0KFf000002p1ybMAA,005Ff000001F2fFIAS,a0KFf000002p1yb,Upfront Fees,a00Ff000003QPKzIAO,HOU/DEL/0223/00610
a0KFf000002p1ycMAA,005Ff000001F2fFIAS,a0KFf000002p1yc,Upfront Fees,a00Ff000003QPL1IAO,HOU/DEL/0223/00612
a0KFf000002p1ydMAA,005Ff000001F2fFIAS,a0KFf000002p1yd,Upfront Fees,a00Ff000003QSVOIA4,HOU/DEL/0223/00233
a0KFf000002p1yeMAA,005Ff000001F2fFIAS,a0KFf000002p1ye,Upfront Fees,a00Ff000003QSVQIA4,HOU/DEL/0223/00235
a0KFf000002p1yfMAA,005Ff000001F2fFIAS,a0KFf000002p1yf,Upfront Fees,a00Ff000003QSP1IAO,HOU/DEL/0223/00065
a0KFf000002p1ygMAA,005Ff000001F2fFIAS,a0KFf000002p1yg,Upfront Fees,a00Ff000003QSP4IAO,HOU/DEL/0223/00068
a0KFf000002p1yhMAA,005Ff000001F2fFIAS,a0KFf000002p1yh,Upfront Fees,a00Ff000003QSP6IAO,HOU/DEL/0223/00070
a0KFf000002p1yiMAA,005Ff000001F2fFIAS,a0KFf000002p1yi,Upfront Fees,a00Ff000003QSVaIAO,HOU/DEL/0223/00245
a0KFf000002p1yjMAA,005Ff000001F2fFIAS,a0KFf000002p1yj,Upfront Fees,a00Ff000003QSVfIAO,HOU/DEL/0223/00250
a0KFf000002p1ykMAA,005Ff000001F2fFIAS,a0KFf000002p1yk,Upfront Fees,a00Ff000003QSP7IAO,HOU/DEL/0223/00071
a0KFf000002p1ylMAA,005Ff000001F2fFIAS,a0KFf000002p1yl,Upfront Fees,a00Ff000003QSViIAO,HOU/DEL/0223/00253
a0KFf000002p1ymMAA,005Ff000001F2fFIAS,a0KFf000002p1ym,Upfront Fees,a00Ff000003QOuRIAW,HOU/DEL/0223/00210
a0KFf000002p1ynMAA,005Ff000001F2fFIAS,a0KFf000002p1yn,Upfront Fees,a00Ff000003QPLSIA4,HOU/DEL/0223/00639
a0KFf000002p1yoMAA,005Ff000001F2fFIAS,a0KFf000002p1yo,Upfront Fees,a00Ff000003QPLYIA4,HOU/DEL/0223/00645
a0KFf000002p1ypMAA,005Ff000001F2fFIAS,a0KFf000002p1yp,Upfront Fees,a00Ff000003QPLDIA4,HOU/DEL/0223/00624
a0KFf000002p1yqMAA,005Ff000001F2fFIAS,a0KFf000002p1yq,Upfront Fees,a00Ff000003QPLHIA4,HOU/DEL/0223/00628
a0KFf000002p1yrMAA,005Ff000001F2fFIAS,a0KFf000002p1yr,Upfront Fees,a00Ff000003QPLAIA4,HOU/DEL/0223/00621
a0KFf000002p1ysMAA,005Ff000001F2fFIAS,a0KFf000002p1ys,Upfront Fees,a00Ff000003QPLiIAO,HOU/DEL/0223/00655
a0KFf000002p1ytMAA,005Ff000001F2fFIAS,a0KFf000002p1yt,Upfront Fees,a00Ff000003QPLqIAO,HOU/DEL/0223/00663
a0KFf000002p1yuMAA,005Ff000001F2fFIAS,a0KFf000002p1yu,Upfront Fees,a00Ff000003QPLoIAO,HOU/DEL/0223/00661
a0KFf000002p1yvMAA,005Ff000001F2fFIAS,a0KFf000002p1yv,Franking Charge,a00Ff000003QOu5IAG,HOU/DEL/0223/00188
a0KFf000002p1ywMAA,005Ff000001F2fFIAS,a0KFf000002p1yw,Franking Charge,a00Ff000003QSVQIA4,HOU/DEL/0223/00235
a0KFf000002p1yxMAA,005Ff000001F2fFIAS,a0KFf000002p1yx,Franking Charge,a00Ff000003QPKzIAO,HOU/DEL/0223/00610
a0KFf000002p1yyMAA,005Ff000001F2fFIAS,a0KFf000002p1yy,Franking Charge,a00Ff000003QOtGIAW,HOU/DEL/0223/00137
a0KFf000002p1yzMAA,005Ff000001F2fFIAS,a0KFf000002p1yz,Franking Charge,a00Ff000003QSP1IAO,HOU/DEL/0223/00065
a0KFf000002p1z0MAA,005Ff000001F2fFIAS,a0KFf000002p1z0,Balance Upfront Fees,a00Ff000003QPLSIA4,HOU/DEL/0223/00639
a0KFf000002p1z1MAA,005Ff000001F2fFIAS,a0KFf000002p1z1,Balance Upfront Fees,a00Ff000003QPLYIA4,HOU/DEL/0223/00645
a0KFf000002p1z2MAA,005Ff000001F2fFIAS,a0KFf000002p1z2,Balance Upfront Fees,a00Ff000003QPLAIA4,HOU/DEL/0223/00621
a0KFf000002p1z3MAA,005Ff000001F2fFIAS,a0KFf000002p1z3,Balance Upfront Fees,a00Ff000003QPL1IAO,HOU/DEL/0223/00612
a0KFf000002p1z4MAA,005Ff000001F2fFIAS,a0KFf000002p1z4,Balance Upfront Fees,a00Ff000003QPLDIA4,HOU/DEL/0223/00624
a0KFf000002p1z5MAA,005Ff000001F2fFIAS,a0KFf000002p1z5,Balance Upfront Fees,a00Ff000003QOu1IAG,HOU/DEL/0223/00184
a0KFf000002p1z6MAA,005Ff000001F2fFIAS,a0KFf000002p1z6,Balance Upfront Fees,a00Ff000003QWFpIAO,HOU/DEL/0223/00694
a0KFf000002p1z7MAA,005Ff000001F2fFIAS,a0KFf000002p1z7,Balance Upfront Fees,a00Ff000003QSVOIA4,HOU/DEL/0223/00233
a0KFf000002p1z8MAA,005Ff000001F2fFIAS,a0KFf000002p1z8,Balance Upfront Fees,a00Ff000003QSVQIA4,HOU/DEL/0223/00235
a0KFf000002p1z9MAA,005Ff000001F2fFIAS,a0KFf000002p1z9,Balance Upfront Fees,a00Ff000003QSP1IAO,HOU/DEL/0223/00065
a0KFf000002p1zAMAQ,005Ff000001F2fFIAS,a0KFf000002p1zA,Balance Upfront Fees,a00Ff000003QPLHIA4,HOU/DEL/0223/00628
a0KFf000002p1zBMAQ,005Ff000001F2fFIAS,a0KFf000002p1zB,Balance Upfront Fees,a00Ff000003QOu3IAG,HOU/DEL/0223/00186
a0KFf000002p1zCMAQ,005Ff000001F2fFIAS,a0KFf000002p1zC,Balance Upfront Fees,a00Ff000003QOuRIAW,HOU/DEL/0223/00210
a0KFf000002p1zDMAQ,005Ff000001F2fFIAS,a0KFf000002p1zD,Balance Upfront Fees,a00Ff000003QOu5IAG,HOU/DEL/0223/00188
a0KFf000002p1zEMAQ,005Ff000001F2fFIAS,a0KFf000002p1zE,Balance Upfront Fees,a00Ff000003QSP4IAO,HOU/DEL/0223/00068
a0KFf000002p20DMAQ,005Ff000001F2fFIAS,a0KFf000002p20D,Upfront Fees,a00Ff000003QPKzIAO,HOU/DEL/0223/00610
a0KFf000002p20EMAQ,005Ff000001F2fFIAS,a0KFf000002p20E,Upfront Fees,a00Ff000003QPL1IAO,HOU/DEL/0223/00612
a0KFf000002p20FMAQ,005Ff000001F2fFIAS,a0KFf000002p20F,Upfront Fees,a00Ff000003QSVOIA4,HOU/DEL/0223/00233
a0KFf000002p20GMAQ,005Ff000001F2fFIAS,a0KFf000002p20G,Upfront Fees,a00Ff000003QSVQIA4,HOU/DEL/0223/00235
a0KFf000002p20HMAQ,005Ff000001F2fFIAS,a0KFf000002p20H,Upfront Fees,a00Ff000003QSP1IAO,HOU/DEL/0223/00065
a0KFf000002p20IMAQ,005Ff000001F2fFIAS,a0KFf000002p20I,Upfront Fees,a00Ff000003QSP4IAO,HOU/DEL/0223/00068
a0KFf000002p20JMAQ,005Ff000001F2fFIAS,a0KFf000002p20J,Upfront Fees,a00Ff000003QSP6IAO,HOU/DEL/0223/00070
a0KFf000002p20KMAQ,005Ff000001F2fFIAS,a0KFf000002p20K,Upfront Fees,a00Ff000003QSVaIAO,HOU/DEL/0223/00245
a0KFf000002p20LMAQ,005Ff000001F2fFIAS,a0KFf000002p20L,Upfront Fees,a00Ff000003QSVfIAO,HOU/DEL/0223/00250
a0KFf000002p20MMAQ,005Ff000001F2fFIAS,a0KFf000002p20M,Upfront Fees,a00Ff000003QSP7IAO,HOU/DEL/0223/00071
a0KFf000002p20NMAQ,005Ff000001F2fFIAS,a0KFf000002p20N,Upfront Fees,a00Ff000003QSViIAO,HOU/DEL/0223/00253
a0KFf000002p20OMAQ,005Ff000001F2fFIAS,a0KFf000002p20O,Upfront Fees,a00Ff000003QOuRIAW,HOU/DEL/0223/00210
a0KFf000002p20PMAQ,005Ff000001F2fFIAS,a0KFf000002p20P,Upfront Fees,a00Ff000003QPLSIA4,HOU/DEL/0223/00639
a0KFf000002p20QMAQ,005Ff000001F2fFIAS,a0KFf000002p20Q,Upfront Fees,a00Ff000003QPLYIA4,HOU/DEL/0223/00645
a0KFf000002p20RMAQ,005Ff000001F2fFIAS,a0KFf000002p20R,Upfront Fees,a00Ff000003QPLDIA4,HOU/DEL/0223/00624
a0KFf000002p20SMAQ,005Ff000001F2fFIAS,a0KFf000002p20S,Upfront Fees,a00Ff000003QPLHIA4,HOU/DEL/0223/00628
a0KFf000002p20TMAQ,005Ff000001F2fFIAS,a0KFf000002p20T,Upfront Fees,a00Ff000003QPLAIA4,HOU/DEL/0223/00621
a0KFf000002p20UMAQ,005Ff000001F2fFIAS,a0KFf000002p20U,Upfront Fees,a00Ff000003QPLiIAO,HOU/DEL/0223/00655
a0KFf000002p20VMAQ,005Ff000001F2fFIAS,a0KFf000002p20V,Upfront Fees,a00Ff000003QPLqIAO,HOU/DEL/0223/00663
a0KFf000002p20WMAQ,005Ff000001F2fFIAS,a0KFf000002p20W,Upfront Fees,a00Ff000003QPLoIAO,HOU/DEL/0223/00661
a0KFf000002p20XMAQ,005Ff000001F2fFIAS,a0KFf000002p20X,Franking Charge,a00Ff000003QOu5IAG,HOU/DEL/0223/00188
a0KFf000002p20YMAQ,005Ff000001F2fFIAS,a0KFf000002p20Y,Franking Charge,a00Ff000003QSVQIA4,HOU/DEL/0223/00235
a0KFf000002p20ZMAQ,005Ff000001F2fFIAS,a0KFf000002p20Z,Franking Charge,a00Ff000003QPKzIAO,HOU/DEL/0223/00610
a0KFf000002p20aMAA,005Ff000001F2fFIAS,a0KFf000002p20a,Franking Charge,a00Ff000003QOtGIAW,HOU/DEL/0223/00137
a0KFf000002p20bMAA,005Ff000001F2fFIAS,a0KFf000002p20b,Franking Charge,a00Ff000003QSP1IAO,HOU/DEL/0223/00065
a0KFf000002p20cMAA,005Ff000001F2fFIAS,a0KFf000002p20c,Balance Upfront Fees,a00Ff000003QPLSIA4,HOU/DEL/0223/00639
a0KFf000002p20dMAA,005Ff000001F2fFIAS,a0KFf000002p20d,Balance Upfront Fees,a00Ff000003QPLYIA4,HOU/DEL/0223/00645
a0KFf000002p20eMAA,005Ff000001F2fFIAS,a0KFf000002p20e,Balance Upfront Fees,a00Ff000003QPLAIA4,HOU/DEL/0223/00621
a0KFf000002p20fMAA,005Ff000001F2fFIAS,a0KFf000002p20f,Balance Upfront Fees,a00Ff000003QPL1IAO,HOU/DEL/0223/00612
a0KFf000002p20gMAA,005Ff000001F2fFIAS,a0KFf000002p20g,Balance Upfront Fees,a00Ff000003QPLDIA4,HOU/DEL/0223/00624
a0KFf000002p20hMAA,005Ff000001F2fFIAS,a0KFf000002p20h,Balance Upfront Fees,a00Ff000003QOu1IAG,HOU/DEL/0223/00184
a0KFf000002p20iMAA,005Ff000001F2fFIAS,a0KFf000002p20i,Balance Upfront Fees,a00Ff000003QWFpIAO,HOU/DEL/0223/00694
a0KFf000002p20jMAA,005Ff000001F2fFIAS,a0KFf000002p20j,Balance Upfront Fees,a00Ff000003QSVOIA4,HOU/DEL/0223/00233
a0KFf000002p20kMAA,005Ff000001F2fFIAS,a0KFf000002p20k,Balance Upfront Fees,a00Ff000003QSVQIA4,HOU/DEL/0223/00235
a0KFf000002p20lMAA,005Ff000001F2fFIAS,a0KFf000002p20l,Balance Upfront Fees,a00Ff000003QSP1IAO,HOU/DEL/0223/00065
a0KFf000002p20mMAA,005Ff000001F2fFIAS,a0KFf000002p20m,Balance Upfront Fees,a00Ff000003QPLHIA4,HOU/DEL/0223/00628
a0KFf000002p20nMAA,005Ff000001F2fFIAS,a0KFf000002p20n,Balance Upfront Fees,a00Ff000003QOu3IAG,HOU/DEL/0223/00186
a0KFf000002p20oMAA,005Ff000001F2fFIAS,a0KFf000002p20o,Balance Upfront Fees,a00Ff000003QOuRIAW,HOU/DEL/0223/00210
a0KFf000002p20pMAA,005Ff000001F2fFIAS,a0KFf000002p20p,Balance Upfront Fees,a00Ff000003QOu5IAG,HOU/DEL/0223/00188
a0KFf000002p20qMAA,005Ff000001F2fFIAS,a0KFf000002p20q,Balance Upfront Fees,a00Ff000003QSP4IAO,HOU/DEL/0223/00068
a0KFf000002p2BVMAY,005Ff000001F2fFIAS,a0KFf000002p2BV,Upfront Fees,a00Ff000003QSVDIA4,HOU/DEL/0223/00222
a0KFf000002p2BWMAY,005Ff000001F2fFIAS,a0KFf000002p2BW,Balance Upfront Fees,a00Ff000003QSP6IAO,HOU/DEL/0223/00070
a0KFf000002p2BXMAY,005Ff000001F2fFIAS,a0KFf000002p2BX,Balance Upfront Fees,a00Ff000003QSVaIAO,HOU/DEL/0223/00245
a0KFf000002p2BYMAY,005Ff000001F2fFIAS,a0KFf000002p2BY,Balance Upfront Fees,a00Ff000003QOu6IAG,HOU/DEL/0223/00189
a0KFf000002p2BZMAY,005Ff000001F2fFIAS,a0KFf000002p2BZ,Balance Upfront Fees,a00Ff000003QOu8IAG,HOU/DEL/0223/00191
a0KFf000002p2BaMAI,005Ff000001F2fFIAS,a0KFf000002p2Ba,Balance Upfront Fees,a00Ff000003QOu7IAG,HOU/DEL/0223/00190
a0KFf000002p2BbMAI,005Ff000001F2fFIAS,a0KFf000002p2Bb,Balance Upfront Fees,a00Ff000003QOuIIAW,HOU/DEL/0223/00201
a0KFf000002p2BcMAI,005Ff000001F2fFIAS,a0KFf000002p2Bc,Balance Upfront Fees,a00Ff000003QOuEIAW,HOU/DEL/0223/00197
a0KFf000002p2BdMAI,005Ff000001F2fFIAS,a0KFf000002p2Bd,Balance Upfront Fees,a00Ff000003QSVfIAO,HOU/DEL/0223/00250
a0KFf000002p2BeMAI,005Ff000001F2fFIAS,a0KFf000002p2Be,Balance Upfront Fees,a00Ff000003QSP7IAO,HOU/DEL/0223/00071
a0KFf000002p2BfMAI,005Ff000001F2fFIAS,a0KFf000002p2Bf,Balance Upfront Fees,a00Ff000003QSViIAO,HOU/DEL/0223/00253
a0KFf000002p2BgMAI,005Ff000001F2fFIAS,a0KFf000002p2Bg,Balance Upfront Fees,a00Ff000003QPKzIAO,HOU/DEL/0223/00610
a0KFf000002p2BhMAI,005Ff000001F2fFIAS,a0KFf000002p2Bh,Balance Upfront Fees,a00Ff000003QWFsIAO,HOU/DEL/0223/00697
a0KFf000002p2BiMAI,005Ff000001F2fFIAS,a0KFf000002p2Bi,Balance Upfront Fees,a00Ff000003QWFrIAO,HOU/DEL/0223/00696
a0KFf000002p2BjMAI,005Ff000001F2fFIAS,a0KFf000002p2Bj,Balance Upfront Fees,a00Ff000003QOtUIAW,HOU/DEL/0223/00151
a0KFf000002p2BkMAI,005Ff000001F2fFIAS,a0KFf000002p2Bk,Balance Upfront Fees,a00Ff000003QOthIAG,HOU/DEL/0223/00164
a0KFf000002p2BlMAI,005Ff000001F2fFIAS,a0KFf000002p2Bl,Balance Upfront Fees,a00Ff000003QOtEIAW,HOU/DEL/0223/00135
a0KFf000002p2BmMAI,005Ff000001F2fFIAS,a0KFf000002p2Bm,Balance Upfront Fees,a00Ff000003QOtGIAW,HOU/DEL/0223/00137
a0KFf000002p2BnMAI,005Ff000001F2fFIAS,a0KFf000002p2Bn,Balance Upfront Fees,a00Ff000003QOtHIAW,HOU/DEL/0223/00138
a0KFf000002p2BoMAI,005Ff000001F2fFIAS,a0KFf000002p2Bo,Balance Upfront Fees,a00Ff000003QOtkIAG,HOU/DEL/0223/00167
a0KFf000002p2BpMAI,005Ff000001F2fFIAS,a0KFf000002p2Bp,Balance Upfront Fees,a00Ff000003QOtSIAW,HOU/DEL/0223/00149
a0KFf000002p2BqMAI,005Ff000001F2fFIAS,a0KFf000002p2Bq,Balance Upfront Fees,a00Ff000003QSVDIA4,HOU/DEL/0223/00222
a0KFf000002p2BrMAI,005Ff000001F2fFIAS,a0KFf000002p2Br,Balance Upfront Fees,a00Ff000003QPLoIAO,HOU/DEL/0223/00661
a0KFf000002p2BsMAI,005Ff000001F2fFIAS,a0KFf000002p2Bs,Balance Upfront Fees,a00Ff000003QPLiIAO,HOU/DEL/0223/00655
a0KFf000002p2BtMAI,005Ff000001F2fFIAS,a0KFf000002p2Bt,Balance Upfront Fees,a00Ff000003QPLqIAO,HOU/DEL/0223/00663
a0KFf000002p2BuMAI,005Ff000001F2fFIAS,a0KFf000002p2Bu,Upfront Fees,a00Ff000003QSVDIA4,HOU/DEL/0223/00222
a0KFf000002p2BvMAI,005Ff000001F2fFIAS,a0KFf000002p2Bv,Balance Upfront Fees,a00Ff000003QSP6IAO,HOU/DEL/0223/00070
a0KFf000002p2BwMAI,005Ff000001F2fFIAS,a0KFf000002p2Bw,Balance Upfront Fees,a00Ff000003QSVaIAO,HOU/DEL/0223/00245
a0KFf000002p2BxMAI,005Ff000001F2fFIAS,a0KFf000002p2Bx,Balance Upfront Fees,a00Ff000003QOu6IAG,HOU/DEL/0223/00189
a0KFf000002p2ByMAI,005Ff000001F2fFIAS,a0KFf000002p2By,Balance Upfront Fees,a00Ff000003QOu8IAG,HOU/DEL/0223/00191
a0KFf000002p2BzMAI,005Ff000001F2fFIAS,a0KFf000002p2Bz,Balance Upfront Fees,a00Ff000003QOu7IAG,HOU/DEL/0223/00190
a0KFf000002p2C0MAI,005Ff000001F2fFIAS,a0KFf000002p2C0,Balance Upfront Fees,a00Ff000003QOuIIAW,HOU/DEL/0223/00201
a0KFf000002p2C1MAI,005Ff000001F2fFIAS,a0KFf000002p2C1,Balance Upfront Fees,a00Ff000003QOuEIAW,HOU/DEL/0223/00197
a0KFf000002p2C2MAI,005Ff000001F2fFIAS,a0KFf000002p2C2,Balance Upfront Fees,a00Ff000003QSVfIAO,HOU/DEL/0223/00250
a0KFf000002p2C3MAI,005Ff000001F2fFIAS,a0KFf000002p2C3,Balance Upfront Fees,a00Ff000003QSP7IAO,HOU/DEL/0223/00071
a0KFf000002p2C4MAI,005Ff000001F2fFIAS,a0KFf000002p2C4,Balance Upfront Fees,a00Ff000003QSViIAO,HOU/DEL/0223/00253
a0KFf000002p2C5MAI,005Ff000001F2fFIAS,a0KFf000002p2C5,Balance Upfront Fees,a00Ff000003QPKzIAO,HOU/DEL/0223/00610
a0KFf000002p2C6MAI,005Ff000001F2fFIAS,a0KFf000002p2C6,Balance Upfront Fees,a00Ff000003QWFsIAO,HOU/DEL/0223/00697
a0KFf000002p2C7MAI,005Ff000001F2fFIAS,a0KFf000002p2C7,Balance Upfront Fees,a00Ff000003QWFrIAO,HOU/DEL/0223/00696
a0KFf000002p2C8MAI,005Ff000001F2fFIAS,a0KFf000002p2C8,Balance Upfront Fees,a00Ff000003QOtUIAW,HOU/DEL/0223/00151
a0KFf000002p2C9MAI,005Ff000001F2fFIAS,a0KFf000002p2C9,Balance Upfront Fees,a00Ff000003QOthIAG,HOU/DEL/0223/00164
a0KFf000002p2CAMAY,005Ff000001F2fFIAS,a0KFf000002p2CA,Balance Upfront Fees,a00Ff000003QOtEIAW,HOU/DEL/0223/00135
a0KFf000002p2CBMAY,005Ff000001F2fFIAS,a0KFf000002p2CB,Balance Upfront Fees,a00Ff000003QOtGIAW,HOU/DEL/0223/00137
a0KFf000002p2CCMAY,005Ff000001F2fFIAS,a0KFf000002p2CC,Balance Upfront Fees,a00Ff000003QOtHIAW,HOU/DEL/0223/00138
a0KFf000002p2CDMAY,005Ff000001F2fFIAS,a0KFf000002p2CD,Balance Upfront Fees,a00Ff000003QOtkIAG,HOU/DEL/0223/00167
a0KFf000002p2CEMAY,005Ff000001F2fFIAS,a0KFf000002p2CE,Balance Upfront Fees,a00Ff000003QOtSIAW,HOU/DEL/0223/00149
a0KFf000002p2CFMAY,005Ff000001F2fFIAS,a0KFf000002p2CF,Balance Upfront Fees,a00Ff000003QSVDIA4,HOU/DEL/0223/00222
a0KFf000002p2CGMAY,005Ff000001F2fFIAS,a0KFf000002p2CG,Balance Upfront Fees,a00Ff000003QPLoIAO,HOU/DEL/0223/00661
a0KFf000002p2CHMAY,005Ff000001F2fFIAS,a0KFf000002p2CH,Balance Upfront Fees,a00Ff000003QPLiIAO,HOU/DEL/0223/00655
a0KFf000002p2CIMAY,005Ff000001F2fFIAS,a0KFf000002p2CI,Balance Upfront Fees,a00Ff000003QPLqIAO,HOU/DEL/0223/00663
a0KFf000002p2HxMAI,005Ff000001F2fFIAS,a0KFf000002p2Hx,Upfront Fees,a00Ff000003QSW0IAO,HOU/DEL/0223/00271
a0KFf000002p2HyMAI,005Ff000001F2fFIAS,a0KFf000002p2Hy,Upfront Fees,a00Ff000003QPLpIAO,HOU/DEL/0223/00662
a0KFf000002p2HzMAI,005Ff000001F2fFIAS,a0KFf000002p2Hz,Balance Upfront Fees,a00Ff000003QSW0IAO,HOU/DEL/0223/00271
a0KFf000002p2I0MAI,005Ff000001F2fFIAS,a0KFf000002p2I0,Balance Upfront Fees,a00Ff000003QPLpIAO,HOU/DEL/0223/00662
a0KFf000002p2Q1MAI,005Ff000001F2fFIAS,a0KFf000002p2Q1,Upfront Fees,a00Ff000003QPLrIAO,HOU/DEL/0223/00664
a0KFf000002p2Q2MAI,005Ff000001F2fFIAS,a0KFf000002p2Q2,Upfront Fees,a00Ff000003QPLkIAO,HOU/DEL/0223/00657
a0KFf000002p2Q3MAI,005Ff000001F2fFIAS,a0KFf000002p2Q3,Upfront Fees,a00Ff000003QPLnIAO,HOU/DEL/0223/00660
a0KFf000002p2Q4MAI,005Ff000001F2fFIAS,a0KFf000002p2Q4,Upfront Fees,a00Ff000003QPLfIAO,HOU/DEL/0223/00652
a0KFf000002p2Q5MAI,005Ff000001F2fFIAS,a0KFf000002p2Q5,Upfront Fees,a00Ff000003QPLgIAO,HOU/DEL/0223/00653
a0KFf000002p2Q6MAI,005Ff000001F2fFIAS,a0KFf000002p2Q6,Legal Charges,a00Ff000003QPLnIAO,HOU/DEL/0223/00660
a0KFf000002p2Q7MAI,005Ff000001F2fFIAS,a0KFf000002p2Q7,Legal Charges,a00Ff000003QPLrIAO,HOU/DEL/0223/00664
a0KFf000002p2Q8MAI,005Ff000001F2fFIAS,a0KFf000002p2Q8,Legal Charges,a00Ff000003QPLfIAO,HOU/DEL/0223/00652
a0KFf000002p2Q9MAI,005Ff000001F2fFIAS,a0KFf000002p2Q9,Legal Charges,a00Ff000003QPLgIAO,HOU/DEL/0223/00653
a0KFf000002p2QAMAY,005Ff000001F2fFIAS,a0KFf000002p2QA,Franking Charge,a00Ff000003QPLgIAO,HOU/DEL/0223/00653
a0KFf000002p2QBMAY,005Ff000001F2fFIAS,a0KFf000002p2QB,Balance Upfront Fees,a00Ff000003QPLnIAO,HOU/DEL/0223/00660
a0KFf000002p2QCMAY,005Ff000001F2fFIAS,a0KFf000002p2QC,Balance Upfront Fees,a00Ff000003QPLkIAO,HOU/DEL/0223/00657
a0KFf000002p2QDMAY,005Ff000001F2fFIAS,a0KFf000002p2QD,Balance Upfront Fees,a00Ff000003QPLrIAO,HOU/DEL/0223/00664
a0KFf000002p2QEMAY,005Ff000001F2fFIAS,a0KFf000002p2QE,Balance Upfront Fees,a00Ff000003QPLfIAO,HOU/DEL/0223/00652
a0KFf000002p2QFMAY,005Ff000001F2fFIAS,a0KFf000002p2QF,Balance Upfront Fees,a00Ff000003QPLgIAO,HOU/DEL/0223/00653
a0KFf000002p2RdMAI,005Ff000001F2fFIAS,a0KFf000002p2Rd,Upfront Fees,a00Ff000003QPLrIAO,HOU/DEL/0223/00664
a0KFf000002p2ReMAI,005Ff000001F2fFIAS,a0KFf000002p2Re,Upfront Fees,a00Ff000003QPLkIAO,HOU/DEL/0223/00657
a0KFf000002p2RfMAI,005Ff000001F2fFIAS,a0KFf000002p2Rf,Upfront Fees,a00Ff000003QPLnIAO,HOU/DEL/0223/00660
a0KFf000002p2RgMAI,005Ff000001F2fFIAS,a0KFf000002p2Rg,Upfront Fees,a00Ff000003QPLfIAO,HOU/DEL/0223/00652
a0KFf000002p2RhMAI,005Ff000001F2fFIAS,a0KFf000002p2Rh,Upfront Fees,a00Ff000003QPLgIAO,HOU/DEL/0223/00653
a0KFf000002p2RiMAI,005Ff000001F2fFIAS,a0KFf000002p2Ri,Legal Charges,a00Ff000003QPLnIAO,HOU/DEL/0223/00660
a0KFf000002p2RjMAI,005Ff000001F2fFIAS,a0KFf000002p2Rj,Legal Charges,a00Ff000003QPLrIAO,HOU/DEL/0223/00664
a0KFf000002p2RkMAI,005Ff000001F2fFIAS,a0KFf000002p2Rk,Legal Charges,a00Ff000003QPLfIAO,HOU/DEL/0223/00652
a0KFf000002p2RlMAI,005Ff000001F2fFIAS,a0KFf000002p2Rl,Legal Charges,a00Ff000003QPLgIAO,HOU/DEL/0223/00653
a0KFf000002p2RmMAI,005Ff000001F2fFIAS,a0KFf000002p2Rm,Franking Charge,a00Ff000003QPLgIAO,HOU/DEL/0223/00653
a0KFf000002p2RnMAI,005Ff000001F2fFIAS,a0KFf000002p2Rn,Balance Upfront Fees,a00Ff000003QPLnIAO,HOU/DEL/0223/00660
a0KFf000002p2RoMAI,005Ff000001F2fFIAS,a0KFf000002p2Ro,Balance Upfront Fees,a00Ff000003QPLkIAO,HOU/DEL/0223/00657
a0KFf000002p2RpMAI,005Ff000001F2fFIAS,a0KFf000002p2Rp,Balance Upfront Fees,a00Ff000003QPLrIAO,HOU/DEL/0223/00664
a0KFf000002p2RqMAI,005Ff000001F2fFIAS,a0KFf000002p2Rq,Balance Upfront Fees,a00Ff000003QPLfIAO,HOU/DEL/0223/00652
a0KFf000002p2RrMAI,005Ff000001F2fFIAS,a0KFf000002p2Rr,Balance Upfront Fees,a00Ff000003QPLgIAO,HOU/DEL/0223/00653
a0KFf000002p2WTMAY,005Ff000001F2fFIAS,a0KFf000002p2WT,Upfront Fees,a00Ff000003QPKsIAO,HOU/DEL/0223/00603
a0KFf000002p2WUMAY,005Ff000001F2fFIAS,a0KFf000002p2WU,Upfront Fees,a00Ff000003QSOsIAO,HOU/DEL/0223/00056
a0KFf000002p2WVMAY,005Ff000001F2fFIAS,a0KFf000002p2WV,Upfront Fees,a00Ff000003QOu2IAG,HOU/DEL/0223/00185
a0KFf000002p2WWMAY,005Ff000001F2fFIAS,a0KFf000002p2WW,Upfront Fees,a00Ff000003QOtzIAG,HOU/DEL/0223/00182
a0KFf000002p2WXMAY,005Ff000001F2fFIAS,a0KFf000002p2WX,Upfront Fees,a00Ff000003QOu0IAG,HOU/DEL/0223/00183
a0KFf000002p2WYMAY,005Ff000001F2fFIAS,a0KFf000002p2WY,Upfront Fees,a00Ff000003QOuGIAW,HOU/DEL/0223/00199
a0KFf000002p2WZMAY,005Ff000001F2fFIAS,a0KFf000002p2WZ,Upfront Fees,a00Ff000003QOuCIAW,HOU/DEL/0223/00195
a0KFf000002p2WaMAI,005Ff000001F2fFIAS,a0KFf000002p2Wa,Upfront Fees,a00Ff000003QOuFIAW,HOU/DEL/0223/00198
a0KFf000002p2WbMAI,005Ff000001F2fFIAS,a0KFf000002p2Wb,Upfront Fees,a00Ff000003QOuHIAW,HOU/DEL/0223/00200
a0KFf000002p2WcMAI,005Ff000001F2fFIAS,a0KFf000002p2Wc,Upfront Fees,a00Ff000003QOuDIAW,HOU/DEL/0223/00196
a0KFf000002p2WdMAI,005Ff000001F2fFIAS,a0KFf000002p2Wd,Upfront Fees,a00Ff000003QOuAIAW,HOU/DEL/0223/00193
a0KFf000002p2WeMAI,005Ff000001F2fFIAS,a0KFf000002p2We,Upfront Fees,a00Ff0000035JJdIAM,HOU/DEL/0223/00003
a0KFf000002p2WfMAI,005Ff000001F2fFIAS,a0KFf000002p2Wf,Upfront Fees,a00Ff0000036vUvIAI,HOU/DEL/0223/00009
a0KFf000002p2WgMAI,005Ff000001F2fFIAS,a0KFf000002p2Wg,Upfront Fees,a00Ff000003QSOtIAO,HOU/DEL/0223/00057
a0KFf000002p2WhMAI,005Ff000001F2fFIAS,a0KFf000002p2Wh,Upfront Fees,a00Ff000003QOu4IAG,HOU/DEL/0223/00187
a0KFf000002p2WiMAI,005Ff000001F2fFIAS,a0KFf000002p2Wi,Upfront Fees,a00Ff000003QOu9IAG,HOU/DEL/0223/00192
a0KFf000002p2WjMAI,005Ff000001F2fFIAS,a0KFf000002p2Wj,Upfront Fees,a00Ff000003QOuBIAW,HOU/DEL/0223/00194
a0KFf000002p2WkMAI,005Ff000001F2fFIAS,a0KFf000002p2Wk,Upfront Fees,a00Ff000003QSOwIAO,HOU/DEL/0223/00060
a0KFf000002p2WlMAI,005Ff000001F2fFIAS,a0KFf000002p2Wl,Upfront Fees,a00Ff000003QPKtIAO,HOU/DEL/0223/00604
a0KFf000002p2WmMAI,005Ff000001F2fFIAS,a0KFf000002p2Wm,Upfront Fees,a00Ff000003QOuSIAW,HOU/DEL/0223/00211
a0KFf000002p2WnMAI,005Ff000001F2fFIAS,a0KFf000002p2Wn,Upfront Fees,a00Ff000003QOuTIAW,HOU/DEL/0223/00212
a0KFf000002p2WoMAI,005Ff000001F2fFIAS,a0KFf000002p2Wo,Upfront Fees,a00Ff000003QOuUIAW,HOU/DEL/0223/00213
a0KFf000002p2WpMAI,005Ff000001F2fFIAS,a0KFf000002p2Wp,Upfront Fees,a00Ff000003QOuXIAW,HOU/DEL/0223/00216
a0KFf000002p2WqMAI,005Ff000001F2fFIAS,a0KFf000002p2Wq,Upfront Fees,a00Ff000003QOuQIAW,HOU/DEL/0223/00209
a0KFf000002p2WrMAI,005Ff000001F2fFIAS,a0KFf000002p2Wr,Upfront Fees,a00Ff000003QOuOIAW,HOU/DEL/0223/00207
a0KFf000002p2WsMAI,005Ff000001F2fFIAS,a0KFf000002p2Ws,Upfront Fees,a00Ff000003QSOxIAO,HOU/DEL/0223/00061
a0KFf000002p2WtMAI,005Ff000001F2fFIAS,a0KFf000002p2Wt,Upfront Fees,a00Ff000003QOuVIAW,HOU/DEL/0223/00214
a0KFf000002p2WuMAI,005Ff000001F2fFIAS,a0KFf000002p2Wu,Upfront Fees,a00Ff000003QOuPIAW,HOU/DEL/0223/00208
a0KFf000002p2WvMAI,005Ff000001F2fFIAS,a0KFf000002p2Wv,Upfront Fees,a00Ff000003QOuLIAW,HOU/DEL/0223/00204
a0KFf000002p2WwMAI,005Ff000001F2fFIAS,a0KFf000002p2Ww,Upfront Fees,a00Ff000003QSOvIAO,HOU/DEL/0223/00059
a0KFf000002p2WxMAI,005Ff000001F2fFIAS,a0KFf000002p2Wx,Upfront Fees,a00Ff000003QOuKIAW,HOU/DEL/0223/00203
a0KFf000002p2WyMAI,005Ff000001F2fFIAS,a0KFf000002p2Wy,Upfront Fees,a00Ff000003QSW1IAO,HOU/DEL/0223/00272
a0KFf000002p2WzMAI,005Ff000001F2fFIAS,a0KFf000002p2Wz,Upfront Fees,a00Ff000003QOuNIAW,HOU/DEL/0223/00206
a0KFf000002p2X0MAI,005Ff000001F2fFIAS,a0KFf000002p2X0,Upfront Fees,a00Ff000003QOuJIAW,HOU/DEL/0223/00202
a0KFf000002p2X1MAI,005Ff000001F2fFIAS,a0KFf000002p2X1,Upfront Fees,a00Ff000003QSVGIA4,HOU/DEL/0223/00225
a0KFf000002p2X2MAI,005Ff000001F2fFIAS,a0KFf000002p2X2,Upfront Fees,a00Ff000003QPL2IAO,HOU/DEL/0223/00613
a0KFf000002p2X3MAI,005Ff000001F2fFIAS,a0KFf000002p2X3,Upfront Fees,a00Ff000003QSVWIA4,HOU/DEL/0223/00241
a0KFf000002p2X4MAI,005Ff000001F2fFIAS,a0KFf000002p2X4,Upfront Fees,a00Ff000003QSVYIA4,HOU/DEL/0223/00243
a0KFf000002p2X5MAI,005Ff000001F2fFIAS,a0KFf000002p2X5,Upfront Fees,a00Ff000003QSP5IAO,HOU/DEL/0223/00069
a0KFf000002p2X6MAI,005Ff000001F2fFIAS,a0KFf000002p2X6,Upfront Fees,a00Ff000003QSP0IAO,HOU/DEL/0223/00064
a0KFf000002p2X7MAI,005Ff000001F2fFIAS,a0KFf000002p2X7,Upfront Fees,a00Ff000003QSVbIAO,HOU/DEL/0223/00246
a0KFf000002p2X8MAI,005Ff000001F2fFIAS,a0KFf000002p2X8,Upfront Fees,a00Ff000003QSVFIA4,HOU/DEL/0223/00224
a0KFf000002p2X9MAI,005Ff000001F2fFIAS,a0KFf000002p2X9,Upfront Fees,a00Ff000003QSVKIA4,HOU/DEL/0223/00229
a0KFf000002p2XAMAY,005Ff000001F2fFIAS,a0KFf000002p2XA,Upfront Fees,a00Ff000003QSVMIA4,HOU/DEL/0223/00231
a0KFf000002p2XBMAY,005Ff000001F2fFIAS,a0KFf000002p2XB,Upfront Fees,a00Ff000003QPL6IAO,HOU/DEL/0223/00617
a0KFf000002p2XCMAY,005Ff000001F2fFIAS,a0KFf000002p2XC,Upfront Fees,a00Ff000003QPL3IAO,HOU/DEL/0223/00614
a0KFf000002p2XDMAY,005Ff000001F2fFIAS,a0KFf000002p2XD,Upfront Fees,a00Ff000003QSVcIAO,HOU/DEL/0223/00247
a0KFf000002p2XEMAY,005Ff000001F2fFIAS,a0KFf000002p2XE,Upfront Fees,a00Ff000003QSVEIA4,HOU/DEL/0223/00223
a0KFf000002p2XFMAY,005Ff000001F2fFIAS,a0KFf000002p2XF,Upfront Fees,a00Ff000003QPL4IAO,HOU/DEL/0223/00615
a0KFf000002p2XGMAY,005Ff000001F2fFIAS,a0KFf000002p2XG,Upfront Fees,a00Ff000003QSVLIA4,HOU/DEL/0223/00230
a0KFf000002p2XHMAY,005Ff000001F2fFIAS,a0KFf000002p2XH,Upfront Fees,a00Ff000003QSVTIA4,HOU/DEL/0223/00238
a0KFf000002p2XIMAY,005Ff000001F2fFIAS,a0KFf000002p2XI,Upfront Fees,a00Ff000003QSVNIA4,HOU/DEL/0223/00232
a0KFf000002p2XJMAY,005Ff000001F2fFIAS,a0KFf000002p2XJ,Upfront Fees,a00Ff000003QSVVIA4,HOU/DEL/0223/00240
a0KFf000002p2XKMAY,005Ff000001F2fFIAS,a0KFf000002p2XK,Upfront Fees,a00Ff000003QSVUIA4,HOU/DEL/0223/00239
a0KFf000002p2XLMAY,005Ff000001F2fFIAS,a0KFf000002p2XL,Upfront Fees,a00Ff000003QSVIIA4,HOU/DEL/0223/00227
a0KFf000002p2XMMAY,005Ff000001F2fFIAS,a0KFf000002p2XM,Upfront Fees,a00Ff000003QPL5IAO,HOU/DEL/0223/00616
a0KFf000002p2XNMAY,005Ff000001F2fFIAS,a0KFf000002p2XN,Upfront Fees,a00Ff000003QSP2IAO,HOU/DEL/0223/00066
a0KFf000002p2XOMAY,005Ff000001F2fFIAS,a0KFf000002p2XO,Upfront Fees,a00Ff000003QSP3IAO,HOU/DEL/0223/00067
a0KFf000002p2XPMAY,005Ff000001F2fFIAS,a0KFf000002p2XP,Upfront Fees,a00Ff000003QPL0IAO,HOU/DEL/0223/00611
a0KFf000002p2XQMAY,005Ff000001F2fFIAS,a0KFf000002p2XQ,Upfront Fees,a00Ff000003QSVRIA4,HOU/DEL/0223/00236
a0KFf000002p2XRMAY,005Ff000001F2fFIAS,a0KFf000002p2XR,Upfront Fees,a00Ff000003QSVJIA4,HOU/DEL/0223/00228
a0KFf000002p2XSMAY,005Ff000001F2fFIAS,a0KFf000002p2XS,Upfront Fees,a00Ff000003QSVSIA4,HOU/DEL/0223/00237
a0KFf000002p2XTMAY,005Ff000001F2fFIAS,a0KFf000002p2XT,Upfront Fees,a00Ff000003QPKxIAO,HOU/DEL/0223/00608
a0KFf000002p2XUMAY,005Ff000001F2fFIAS,a0KFf000002p2XU,Upfront Fees,a00Ff000003QSVBIA4,HOU/DEL/0223/00220
a0KFf000002p2XVMAY,005Ff000001F2fFIAS,a0KFf000002p2XV,Upfront Fees,a00Ff000003QOuYIAW,HOU/DEL/0223/00217
a0KFf000002p2XWMAY,005Ff000001F2fFIAS,a0KFf000002p2XW,Upfront Fees,a00Ff000003QPKyIAO,HOU/DEL/0223/00609
a0KFf000002p2XXMAY,005Ff000001F2fFIAS,a0KFf000002p2XX,Upfront Fees,a00Ff000003QSVCIA4,HOU/DEL/0223/00221
a0KFf000002p2XYMAY,005Ff000001F2fFIAS,a0KFf000002p2XY,Upfront Fees,a00Ff000003QPKuIAO,HOU/DEL/0223/00605
a0KFf000002p2XZMAY,005Ff000001F2fFIAS,a0KFf000002p2XZ,Upfront Fees,a00Ff000003QSOzIAO,HOU/DEL/0223/00063
a0KFf000002p2XaMAI,005Ff000001F2fFIAS,a0KFf000002p2Xa,Upfront Fees,a00Ff000003QPKwIAO,HOU/DEL/0223/00607
a0KFf000002p2XbMAI,005Ff000001F2fFIAS,a0KFf000002p2Xb,Upfront Fees,a00Ff000003QOuZIAW,HOU/DEL/0223/00218
a0KFf000002p2XcMAI,005Ff000001F2fFIAS,a0KFf000002p2Xc,Upfront Fees,a00Ff000003QSOyIAO,HOU/DEL/0223/00062
a0KFf000002p2XdMAI,005Ff000001F2fFIAS,a0KFf000002p2Xd,Upfront Fees,a00Ff000003QOuaIAG,HOU/DEL/0223/00219
a0KFf000002p2XeMAI,005Ff000001F2fFIAS,a0KFf000002p2Xe,Upfront Fees,a00Ff000003QPKvIAO,HOU/DEL/0223/00606
a0KFf000002p2XfMAI,005Ff000001F2fFIAS,a0KFf000002p2Xf,Upfront Fees,a00Ff000003QPLLIA4,HOU/DEL/0223/00632
a0KFf000002p2XgMAI,005Ff000001F2fFIAS,a0KFf000002p2Xg,Upfront Fees,a00Ff000003QSVvIAO,HOU/DEL/0223/00266
a0KFf000002p2XhMAI,005Ff000001F2fFIAS,a0KFf000002p2Xh,Upfront Fees,a00Ff000003QSVtIAO,HOU/DEL/0223/00264
a0KFf000002p2XiMAI,005Ff000001F2fFIAS,a0KFf000002p2Xi,Upfront Fees,a00Ff000003QSVsIAO,HOU/DEL/0223/00263
a0KFf000002p2XjMAI,005Ff000001F2fFIAS,a0KFf000002p2Xj,Upfront Fees,a00Ff000003QSVeIAO,HOU/DEL/0223/00249
a0KFf000002p2XkMAI,005Ff000001F2fFIAS,a0KFf000002p2Xk,Upfront Fees,a00Ff000003QSVpIAO,HOU/DEL/0223/00260
a0KFf000002p2XlMAI,005Ff000001F2fFIAS,a0KFf000002p2Xl,Upfront Fees,a00Ff000003QSVrIAO,HOU/DEL/0223/00262
a0KFf000002p2XmMAI,005Ff000001F2fFIAS,a0KFf000002p2Xm,Upfront Fees,a00Ff000003QPLIIA4,HOU/DEL/0223/00629
a0KFf000002p2XnMAI,005Ff000001F2fFIAS,a0KFf000002p2Xn,Upfront Fees,a00Ff000003QSVdIAO,HOU/DEL/0223/00248
a0KFf000002p2XoMAI,005Ff000001F2fFIAS,a0KFf000002p2Xo,Upfront Fees,a00Ff000003QSVlIAO,HOU/DEL/0223/00256
a0KFf000002p2XpMAI,005Ff000001F2fFIAS,a0KFf000002p2Xp,Upfront Fees,a00Ff000003QSVoIAO,HOU/DEL/0223/00259
a0KFf000002p2XqMAI,005Ff000001F2fFIAS,a0KFf000002p2Xq,Upfront Fees,a00Ff000003QSVPIA4,HOU/DEL/0223/00234
a0KFf000002p2XrMAI,005Ff000001F2fFIAS,a0KFf000002p2Xr,Upfront Fees,a00Ff000003QPLCIA4,HOU/DEL/0223/00623
a0KFf000002p2XsMAI,005Ff000001F2fFIAS,a0KFf000002p2Xs,Upfront Fees,a00Ff000003QSVgIAO,HOU/DEL/0223/00251
a0KFf000002p2XtMAI,005Ff000001F2fFIAS,a0KFf000002p2Xt,Upfront Fees,a00Ff000003QSVjIAO,HOU/DEL/0223/00254
a0KFf000002p2XuMAI,005Ff000001F2fFIAS,a0KFf000002p2Xu,Upfront Fees,a00Ff000003QSVnIAO,HOU/DEL/0223/00258
a0KFf000002p2XvMAI,005Ff000001F2fFIAS,a0KFf000002p2Xv,Upfront Fees,a00Ff000003QSVhIAO,HOU/DEL/0223/00252
a0KFf000002p2XwMAI,005Ff000001F2fFIAS,a0KFf000002p2Xw,Upfront Fees,a00Ff000003QPL8IAO,HOU/DEL/0223/00619
a0KFf000002p2XxMAI,005Ff000001F2fFIAS,a0KFf000002p2Xx,Upfront Fees,a00Ff000003QPLFIA4,HOU/DEL/0223/00626
a0KFf000002p2XyMAI,005Ff000001F2fFIAS,a0KFf000002p2Xy,Upfront Fees,a00Ff000003QSVuIAO,HOU/DEL/0223/00265
a0KFf000002p2XzMAI,005Ff000001F2fFIAS,a0KFf000002p2Xz,Upfront Fees,a00Ff000003QSVwIAO,HOU/DEL/0223/00267
a0KFf000002p2Y0MAI,005Ff000001F2fFIAS,a0KFf000002p2Y0,Upfront Fees,a00Ff000003QSVmIAO,HOU/DEL/0223/00257
a0KFf000002p2Y1MAI,005Ff000001F2fFIAS,a0KFf000002p2Y1,Upfront Fees,a00Ff000003QSVzIAO,HOU/DEL/0223/00270
a0KFf000002p2Y2MAI,005Ff000001F2fFIAS,a0KFf000002p2Y2,Upfront Fees,a00Ff000003QSVqIAO,HOU/DEL/0223/00261
a0KFf000002p2Y3MAI,005Ff000001F2fFIAS,a0KFf000002p2Y3,Upfront Fees,a00Ff000003QSVyIAO,HOU/DEL/0223/00269
a0KFf000002p2Y4MAI,005Ff000001F2fFIAS,a0KFf000002p2Y4,Upfront Fees,a00Ff000003QPLJIA4,HOU/DEL/0223/00630
a0KFf000002p2Y5MAI,005Ff000001F2fFIAS,a0KFf000002p2Y5,Upfront Fees,a00Ff000003QPLKIA4,HOU/DEL/0223/00631
a0KFf000002p2Y6MAI,005Ff000001F2fFIAS,a0KFf000002p2Y6,Upfront Fees,a00Ff000003QSVkIAO,HOU/DEL/0223/00255
a0KFf000002p2Y7MAI,005Ff000001F2fFIAS,a0KFf000002p2Y7,Upfront Fees,a00Ff000003QPLEIA4,HOU/DEL/0223/00625
a0KFf000002p2Y8MAI,005Ff000001F2fFIAS,a0KFf000002p2Y8,Upfront Fees,a00Ff000003QSW2IAO,HOU/DEL/0223/00273
a0KFf000002p2Y9MAI,005Ff000001F2fFIAS,a0KFf000002p2Y9,Upfront Fees,a00Ff000003QSVxIAO,HOU/DEL/0223/00268
a0KFf000002p2YAMAY,005Ff000001F2fFIAS,a0KFf000002p2YA,Upfront Fees,a00Ff000003QPLGIA4,HOU/DEL/0223/00627
a0KFf000002p2YBMAY,005Ff000001F2fFIAS,a0KFf000002p2YB,Upfront Fees,a00Ff000003QPL9IAO,HOU/DEL/0223/00620
a0KFf000002p2YCMAY,005Ff000001F2fFIAS,a0KFf000002p2YC,Upfront Fees,a00Ff000003QPLBIA4,HOU/DEL/0223/00622
a0KFf000002p2YDMAY,005Ff000001F2fFIAS,a0KFf000002p2YD,Upfront Fees,a00Ff000003QSVXIA4,HOU/DEL/0223/00242
a0KFf000002p2YEMAY,005Ff000001F2fFIAS,a0KFf000002p2YE,Upfront Fees,a00Ff000003QSVZIA4,HOU/DEL/0223/00244
a0KFf000002p2YFMAY,005Ff000001F2fFIAS,a0KFf000002p2YF,Upfront Fees,a00Ff000003QPLQIA4,HOU/DEL/0223/00637
a0KFf000002p2YGMAY,005Ff000001F2fFIAS,a0KFf000002p2YG,Upfront Fees,a00Ff000003QPLRIA4,HOU/DEL/0223/00638
a0KFf000002p2YHMAY,005Ff000001F2fFIAS,a0KFf000002p2YH,Upfront Fees,a00Ff000003QPLNIA4,HOU/DEL/0223/00634
a0KFf000002p2YIMAY,005Ff000001F2fFIAS,a0KFf000002p2YI,Upfront Fees,a00Ff000003QPLMIA4,HOU/DEL/0223/00633
a0KFf000002p2YJMAY,005Ff000001F2fFIAS,a0KFf000002p2YJ,Upfront Fees,a00Ff000003QPLVIA4,HOU/DEL/0223/00642
a0KFf000002p2YKMAY,005Ff000001F2fFIAS,a0KFf000002p2YK,Upfront Fees,a00Ff000003QPLXIA4,HOU/DEL/0223/00644
a0KFf000002p2YLMAY,005Ff000001F2fFIAS,a0KFf000002p2YL,Upfront Fees,a00Ff000003QPLdIAO,HOU/DEL/0223/00650
a0KFf000002p2YMMAY,005Ff000001F2fFIAS,a0KFf000002p2YM,Upfront Fees,a00Ff000003QPLWIA4,HOU/DEL/0223/00643
a0KFf000002p2YNMAY,005Ff000001F2fFIAS,a0KFf000002p2YN,Upfront Fees,a00Ff000003QPLeIAO,HOU/DEL/0223/00651
a0KFf000002p2YOMAY,005Ff000001F2fFIAS,a0KFf000002p2YO,Upfront Fees,a00Ff000003QPLTIA4,HOU/DEL/0223/00640
a0KFf000002p2YPMAY,005Ff000001F2fFIAS,a0KFf000002p2YP,Upfront Fees,a00Ff000003QPLbIAO,HOU/DEL/0223/00648
a0KFf000002p2YQMAY,005Ff000001F2fFIAS,a0KFf000002p2YQ,Upfront Fees,a00Ff000003QPLaIAO,HOU/DEL/0223/00647
a0KFf000002p2YRMAY,005Ff000001F2fFIAS,a0KFf000002p2YR,Upfront Fees,a00Ff000003QPLcIAO,HOU/DEL/0223/00649
a0KFf000002p2YSMAY,005Ff000001F2fFIAS,a0KFf000002p2YS,Upfront Fees,a00Ff000003QPLPIA4,HOU/DEL/0223/00636
a0KFf000002p2YTMAY,005Ff000001F2fFIAS,a0KFf000002p2YT,Upfront Fees,a00Ff000003QPLZIA4,HOU/DEL/0223/00646
a0KFf000002p2YUMAY,005Ff000001F2fFIAS,a0KFf000002p2YU,Upfront Fees,a00Ff000003QPLOIA4,HOU/DEL/0223/00635
a0KFf000002p2YVMAY,005Ff000001F2fFIAS,a0KFf000002p2YV,Upfront Fees,a00Ff000003QPLmIAO,HOU/DEL/0223/00659
a0KFf000002p2YWMAY,005Ff000001F2fFIAS,a0KFf000002p2YW,Upfront Fees,a00Ff000003QPLlIAO,HOU/DEL/0223/00658
a0KFf000002p2YXMAY,005Ff000001F2fFIAS,a0KFf000002p2YX,Upfront Fees,a00Ff000003QPLjIAO,HOU/DEL/0223/00656
a0KFf000002p2YYMAY,005Ff000001F2fFIAS,a0KFf000002p2YY,Upfront Fees,a00Ff000003QPLhIAO,HOU/DEL/0223/00654
a0KFf000002p2YZMAY,005Ff000001F2fFIAS,a0KFf000002p2YZ,Franking Charge,a00Ff000003QPL9IAO,HOU/DEL/0223/00620
a0KFf000002p2YaMAI,005Ff000001F2fFIAS,a0KFf000002p2Ya,Franking Charge,a00Ff000003QSVsIAO,HOU/DEL/0223/00263
a0KFf000002p2YbMAI,005Ff000001F2fFIAS,a0KFf000002p2Yb,Franking Charge,a00Ff000003QPL3IAO,HOU/DEL/0223/00614
a0KFf000002p2YcMAI,005Ff000001F2fFIAS,a0KFf000002p2Yc,Franking Charge,a00Ff000003QPLLIA4,HOU/DEL/0223/00632
a0KFf000002p2YdMAI,005Ff000001F2fFIAS,a0KFf000002p2Yd,Franking Charge,a00Ff000003QSVdIAO,HOU/DEL/0223/00248
a0KFf000002p2YeMAI,005Ff000001F2fFIAS,a0KFf000002p2Ye,Franking Charge,a00Ff000003QSVoIAO,HOU/DEL/0223/00259
a0KFf000002p2YfMAI,005Ff000001F2fFIAS,a0KFf000002p2Yf,Franking Charge,a00Ff000003QPLeIAO,HOU/DEL/0223/00651
a0KFf000002p2YgMAI,005Ff000001F2fFIAS,a0KFf000002p2Yg,Franking Charge,a00Ff000003QPLCIA4,HOU/DEL/0223/00623
a0KFf000002p2YhMAI,005Ff000001F2fFIAS,a0KFf000002p2Yh,Franking Charge,a00Ff000003QPL8IAO,HOU/DEL/0223/00619
a0KFf000002p2YiMAI,005Ff000001F2fFIAS,a0KFf000002p2Yi,Franking Charge,a00Ff000003QOuNIAW,HOU/DEL/0223/00206
a0KFf000002p2YjMAI,005Ff000001F2fFIAS,a0KFf000002p2Yj,Franking Charge,a00Ff000003QSOvIAO,HOU/DEL/0223/00059
a0KFf000002p2YkMAI,005Ff000001F2fFIAS,a0KFf000002p2Yk,Franking Charge,a00Ff000003QOuAIAW,HOU/DEL/0223/00193
a0KFf000002p2YlMAI,005Ff000001F2fFIAS,a0KFf000002p2Yl,Franking Charge,a00Ff000003QOtzIAG,HOU/DEL/0223/00182
a0KFf000002p2YmMAI,005Ff000001F2fFIAS,a0KFf000002p2Ym,Franking Charge,a00Ff000003QPLaIAO,HOU/DEL/0223/00647
a0KFf000002p2YnMAI,005Ff000001F2fFIAS,a0KFf000002p2Yn,Franking Charge,a00Ff000003QPL6IAO,HOU/DEL/0223/00617
a0KFf000002p2YoMAI,005Ff000001F2fFIAS,a0KFf000002p2Yo,Franking Charge,a00Ff000003QOuUIAW,HOU/DEL/0223/00213
a0KFf000002p2YpMAI,005Ff000001F2fFIAS,a0KFf000002p2Yp,Franking Charge,a00Ff000003QOu2IAG,HOU/DEL/0223/00185
a0KFf000002p2YqMAI,005Ff000001F2fFIAS,a0KFf000002p2Yq,Balance Upfront Fees,a00Ff000003QOtlIAG,HOU/DEL/0223/00168
a0KFf000002p2YrMAI,005Ff000001F2fFIAS,a0KFf000002p2Yr,Balance Upfront Fees,a00Ff000003QPKsIAO,HOU/DEL/0223/00603
a0KFf000002p2YsMAI,005Ff000001F2fFIAS,a0KFf000002p2Ys,Balance Upfront Fees,a00Ff000003QSOsIAO,HOU/DEL/0223/00056
a0KFf000002p2YtMAI,005Ff000001F2fFIAS,a0KFf000002p2Yt,Balance Upfront Fees,a00Ff000003QOu2IAG,HOU/DEL/0223/00185
a0KFf000002p2YuMAI,005Ff000001F2fFIAS,a0KFf000002p2Yu,Balance Upfront Fees,a00Ff000003QOu0IAG,HOU/DEL/0223/00183
a0KFf000002p2YvMAI,005Ff000001F2fFIAS,a0KFf000002p2Yv,Balance Upfront Fees,a00Ff000003QOtzIAG,HOU/DEL/0223/00182
a0KFf000002p2YwMAI,005Ff000001F2fFIAS,a0KFf000002p2Yw,Balance Upfront Fees,a00Ff000003QSVgIAO,HOU/DEL/0223/00251
a0KFf000002p2YxMAI,005Ff000001F2fFIAS,a0KFf000002p2Yx,Balance Upfront Fees,a00Ff000003QPLLIA4,HOU/DEL/0223/00632
a0KFf000002p2YyMAI,005Ff000001F2fFIAS,a0KFf000002p2Yy,Balance Upfront Fees,a00Ff000003QSVEIA4,HOU/DEL/0223/00223
a0KFf000002p2YzMAI,005Ff000001F2fFIAS,a0KFf000002p2Yz,Balance Upfront Fees,a00Ff000003QPL4IAO,HOU/DEL/0223/00615
a0KFf000002p2Z0MAI,005Ff000001F2fFIAS,a0KFf000002p2Z0,Balance Upfront Fees,a00Ff000003QSVLIA4,HOU/DEL/0223/00230
a0KFf000002p2Z1MAI,005Ff000001F2fFIAS,a0KFf000002p2Z1,Balance Upfront Fees,a00Ff000003QSVVIA4,HOU/DEL/0223/00240
a0KFf000002p2Z2MAI,005Ff000001F2fFIAS,a0KFf000002p2Z2,Balance Upfront Fees,a00Ff000003QSVcIAO,HOU/DEL/0223/00247
a0KFf000002p2Z3MAI,005Ff000001F2fFIAS,a0KFf000002p2Z3,Balance Upfront Fees,a00Ff000003QSVhIAO,HOU/DEL/0223/00252
a0KFf000002p2Z4MAI,005Ff000001F2fFIAS,a0KFf000002p2Z4,Balance Upfront Fees,a00Ff000003QSVlIAO,HOU/DEL/0223/00256
a0KFf000002p2Z5MAI,005Ff000001F2fFIAS,a0KFf000002p2Z5,Balance Upfront Fees,a00Ff000003QSVoIAO,HOU/DEL/0223/00259
a0KFf000002p2Z6MAI,005Ff000001F2fFIAS,a0KFf000002p2Z6,Balance Upfront Fees,a00Ff000003QSVvIAO,HOU/DEL/0223/00266
a0KFf000002p2Z7MAI,005Ff000001F2fFIAS,a0KFf000002p2Z7,Balance Upfront Fees,a00Ff000003QSVUIA4,HOU/DEL/0223/00239
a0KFf000002p2Z8MAI,005Ff000001F2fFIAS,a0KFf000002p2Z8,Balance Upfront Fees,a00Ff000003QSVjIAO,HOU/DEL/0223/00254
a0KFf000002p2Z9MAI,005Ff000001F2fFIAS,a0KFf000002p2Z9,Balance Upfront Fees,a00Ff000003QSVnIAO,HOU/DEL/0223/00258
a0KFf000002p2ZAMAY,005Ff000001F2fFIAS,a0KFf000002p2ZA,Balance Upfront Fees,a00Ff000003QSVtIAO,HOU/DEL/0223/00264
a0KFf000002p2ZBMAY,005Ff000001F2fFIAS,a0KFf000002p2ZB,Balance Upfront Fees,a00Ff000003QSVsIAO,HOU/DEL/0223/00263
a0KFf000002p2ZCMAY,005Ff000001F2fFIAS,a0KFf000002p2ZC,Balance Upfront Fees,a00Ff000003QPKvIAO,HOU/DEL/0223/00606
a0KFf000002p2ZDMAY,005Ff000001F2fFIAS,a0KFf000002p2ZD,Balance Upfront Fees,a00Ff000003QOuaIAG,HOU/DEL/0223/00219
a0KFf000002p2ZEMAY,005Ff000001F2fFIAS,a0KFf000002p2ZE,Balance Upfront Fees,a00Ff000003QSVNIA4,HOU/DEL/0223/00232
a0KFf000002p2ZFMAY,005Ff000001F2fFIAS,a0KFf000002p2ZF,Balance Upfront Fees,a00Ff000003QPL8IAO,HOU/DEL/0223/00619
a0KFf000002p2ZGMAY,005Ff000001F2fFIAS,a0KFf000002p2ZG,Balance Upfront Fees,a00Ff000003QPLJIA4,HOU/DEL/0223/00630
a0KFf000002p2ZHMAY,005Ff000001F2fFIAS,a0KFf000002p2ZH,Balance Upfront Fees,a00Ff000003QPLKIA4,HOU/DEL/0223/00631
a0KFf000002p2ZIMAY,005Ff000001F2fFIAS,a0KFf000002p2ZI,Balance Upfront Fees,a00Ff000003QPKyIAO,HOU/DEL/0223/00609
a0KFf000002p2ZJMAY,005Ff000001F2fFIAS,a0KFf000002p2ZJ,Balance Upfront Fees,a00Ff000003QPL5IAO,HOU/DEL/0223/00616
a0KFf000002p2ZKMAY,005Ff000001F2fFIAS,a0KFf000002p2ZK,Balance Upfront Fees,a00Ff000003QSP2IAO,HOU/DEL/0223/00066
a0KFf000002p2ZLMAY,005Ff000001F2fFIAS,a0KFf000002p2ZL,Balance Upfront Fees,a00Ff000003QSP3IAO,HOU/DEL/0223/00067
a0KFf000002p2ZMMAY,005Ff000001F2fFIAS,a0KFf000002p2ZM,Balance Upfront Fees,a00Ff000003QSVIIA4,HOU/DEL/0223/00227
a0KFf000002p2ZNMAY,005Ff000001F2fFIAS,a0KFf000002p2ZN,Balance Upfront Fees,a00Ff000003QSVrIAO,HOU/DEL/0223/00262
a0KFf000002p2ZOMAY,005Ff000001F2fFIAS,a0KFf000002p2ZO,Balance Upfront Fees,a00Ff000003QSVuIAO,HOU/DEL/0223/00265
a0KFf000002p2ZPMAY,005Ff000001F2fFIAS,a0KFf000002p2ZP,Balance Upfront Fees,a00Ff000003QSVCIA4,HOU/DEL/0223/00221
a0KFf000002p2ZQMAY,005Ff000001F2fFIAS,a0KFf000002p2ZQ,Balance Upfront Fees,a00Ff000003QSVRIA4,HOU/DEL/0223/00236
a0KFf000002p2ZRMAY,005Ff000001F2fFIAS,a0KFf000002p2ZR,Balance Upfront Fees,a00Ff000003QSVwIAO,HOU/DEL/0223/00267
a0KFf000002p2ZSMAY,005Ff000001F2fFIAS,a0KFf000002p2ZS,Balance Upfront Fees,a00Ff000003QSVmIAO,HOU/DEL/0223/00257
a0KFf000002p2ZTMAY,005Ff000001F2fFIAS,a0KFf000002p2ZT,Balance Upfront Fees,a00Ff000003QSVzIAO,HOU/DEL/0223/00270
a0KFf000002p2ZUMAY,005Ff000001F2fFIAS,a0KFf000002p2ZU,Balance Upfront Fees,a00Ff000003QPL0IAO,HOU/DEL/0223/00611
a0KFf000002p2ZVMAY,005Ff000001F2fFIAS,a0KFf000002p2ZV,Balance Upfront Fees,a00Ff000003QSVSIA4,HOU/DEL/0223/00237
a0KFf000002p2ZWMAY,005Ff000001F2fFIAS,a0KFf000002p2ZW,Balance Upfront Fees,a00Ff000003QSVqIAO,HOU/DEL/0223/00261
a0KFf000002p2ZXMAY,005Ff000001F2fFIAS,a0KFf000002p2ZX,Balance Upfront Fees,a00Ff000003QSVyIAO,HOU/DEL/0223/00269
a0KFf000002p2ZYMAY,005Ff000001F2fFIAS,a0KFf000002p2ZY,Balance Upfront Fees,a00Ff000003QOuYIAW,HOU/DEL/0223/00217
a0KFf000002p2ZZMAY,005Ff000001F2fFIAS,a0KFf000002p2ZZ,Balance Upfront Fees,a00Ff000003QSVGIA4,HOU/DEL/0223/00225
a0KFf000002p2ZaMAI,005Ff000001F2fFIAS,a0KFf000002p2Za,Balance Upfront Fees,a00Ff000003QSVJIA4,HOU/DEL/0223/00228
a0KFf000002p2ZbMAI,005Ff000001F2fFIAS,a0KFf000002p2Zb,Balance Upfront Fees,a00Ff000003QPLGIA4,HOU/DEL/0223/00627
a0KFf000002p2ZcMAI,005Ff000001F2fFIAS,a0KFf000002p2Zc,Balance Upfront Fees,a00Ff000003QSVkIAO,HOU/DEL/0223/00255
a0KFf000002p2ZdMAI,005Ff000001F2fFIAS,a0KFf000002p2Zd,Balance Upfront Fees,a00Ff000003QPKuIAO,HOU/DEL/0223/00605
a0KFf000002p2ZeMAI,005Ff000001F2fFIAS,a0KFf000002p2Ze,Balance Upfront Fees,a00Ff000003QPKxIAO,HOU/DEL/0223/00608
a0KFf000002p2ZfMAI,005Ff000001F2fFIAS,a0KFf000002p2Zf,Balance Upfront Fees,a00Ff000003QSVBIA4,HOU/DEL/0223/00220
a0KFf000002p2ZgMAI,005Ff000001F2fFIAS,a0KFf000002p2Zg,Balance Upfront Fees,a00Ff000003QPL2IAO,HOU/DEL/0223/00613
